{
    "1": {
        "1": 0.021294902129490215,
        "2": 0.019217386649536962,
        "3": 0.021125218914185638,
        "4": 0.023506259224840103,
        "5": 0.0217152281473337,
        "6": 0.0228220320386219,
        "7": 0.02085747392815759,
        "8": 0.021953775718462132,
        "9": 0.02057294547063378,
        "10": 0.02109284172064441,
        "11": 0.01986058862580217,
        "12": 0.020230573107194325,
        "13": 0.022022022022022022,
        "14": 0.020246527971442912,
        "15": 0.019719251336898395,
        "16": 0.019379410776296627,
        "17": 0.019283592129603677,
        "18": 0.0182328190743338,
        "19": 0.020933616926004702,
        "20": 0.020549487670307398,
        "21": 0.018326378707567384,
        "22": 0.01913713056279017,
        "23": 0.02160353821728283,
        "24": 0.020448736154501563,
        "25": 0.020317315374957196,
        "26": 0.019935654372055613,
        "27": 0.020124195032198713,
        "28": 0.020676908859882177,
        "29": 0.019171734723428903,
        "30": 0.021979933886214695,
        "31": 0.02006980802792321,
        "32": 0.022736619470066388,
        "33": 0.022575497902015247,
        "34": 0.024226589869960215,
        "35": 0.023343508708924404,
        "36": 0.024195981415555422,
        "37": 0.027808136004857317,
        "38": 0.02913155001832173,
        "39": 0.03195616033495474,
        "40": 0.03075968992248062,
        "41": 0.030756651361720865,
        "42": 0.03445855401697403,
        "43": 0.038570326562098224,
        "44": 0.043054374141202646,
        "45": 0.04478304074196754,
        "46": 0.05108747205095196,
        "47": 0.0626902850816496,
        "48": 0.06372549019607843,
        "49": 0.08206917475728155,
        "50": 0.12755615152531008
    },
    "2": {
        "1": 0.021216797090267827,
        "2": 0.02193804431705435,
        "3": 0.02550019615535504,
        "4": 0.023790776152980878,
        "5": 0.025397900440230273,
        "6": 0.024164728572238923,
        "7": 0.023619806488332385,
        "8": 0.023862406742980808,
        "9": 0.022909507445589918,
        "10": 0.02368421052631579,
        "11": 0.021078628453276665,
        "12": 0.020361210169101578,
        "13": 0.02081646813923904,
        "14": 0.02112716930756283,
        "15": 0.020217910621686184,
        "16": 0.02116805441538642,
        "17": 0.021718713312984268,
        "18": 0.020869051138043156,
        "19": 0.019820248794714602,
        "20": 0.02226501384041401,
        "21": 0.021041780365047603,
        "22": 0.021259698210031156,
        "23": 0.023333128116727206,
        "24": 0.023160254015689205,
        "25": 0.02209038121686443,
        "26": 0.023701526863859963,
        "27": 0.02396135265700483,
        "28": 0.023309258043335522,
        "29": 0.023108684070324986,
        "30": 0.024129587310122328,
        "31": 0.02499146466370775,
        "32": 0.02633590438468487,
        "33": 0.02780741056823839,
        "34": 0.027617867813160387,
        "35": 0.03161907609508148,
        "36": 0.033392457777435026,
        "37": 0.03328290468986384,
        "38": 0.034881798644404036,
        "39": 0.03326152520465317,
        "40": 0.035540759402555334,
        "41": 0.036085856218952106,
        "42": 0.04086632693061545,
        "43": 0.04064622350277835,
        "44": 0.047503045066991476,
        "45": 0.05201544774318127,
        "46": 0.0505420054200542,
        "47": 0.060109289617486336,
        "48": 0.06637249494392351,
        "49": 0.08102025506376594,
        "50": 0.11993243243243243
    },
    "3": {
        "1": 0.10256410256410256
    },
    "4": {
        "1": 0.18421052631578946
    }
}